gender,count,selection_rate,TPR,FPR,AUC,pos_rate_true
female,123,0.8130081300813008,0.9900990099009901,0.0,1.0,0.8211382113821138
male,119,0.7563025210084033,0.9473684210526315,0.0,1.0,0.7983193277310925
unknown,8,0.75,0.8571428571428571,0.0,1.0,0.875
