feature,importance
AI Score (0-100),0.2887537993920973
Experience (Years),0.011361492506026593
Projects Count,0.005984697620794455
num_skills,2.096216329525724e-05
Job Role,1.048108164762862e-05
Salary Expectation ($),0.0
